{
  "model": "instructvla",
  "suite": "libero_goal",
  "visual_streams_used": "full+wrist",
  "manifest": "/storage/v-xiangxizheng/zy_workspace/visual-attack/outputs/visa_v2_ladder_goal_core_geom_v13/manifests/visa_ladder_v2_goal_openloop_manifest_geom_v13_canonical_no_multilingual.jsonl",
  "predictions": "/storage/v-xiangxizheng/zy_workspace/visual-attack/outputs/visa_v2_openloop_eval_geom_v13/instructvla_bothview_8shard_v1/predictions.jsonl",
  "rows_read": 70000,
  "unique_action_eval_id": 70000,
  "duplicate_action_eval_id": 0,
  "bad_rows": 0,
  "prediction_status": {
    "success": 70000
  },
  "valid_pairs": 35000,
  "pending_unmatched_pairs": 0,
  "overall": {
    "n": 35000,
    "CAS@0.01": 0.9999428571428571,
    "CAS@0.05": 0.9167428571428572,
    "CAS@0.10": 0.6689714285714286,
    "CAS@0.20": 0.33994285714285716,
    "mean_L2": 0.23459359339180186,
    "pose_L2": 0.19067293141014555,
    "xyz_L2": 0.18479171088962695,
    "rot_L2": 0.031964782142737624,
    "gripper_abs": 0.061
  },
  "by_family": {
    "F1_sensor_artifact": {
      "n": 4200,
      "CAS@0.01": 1.0,
      "CAS@0.05": 0.9235714285714286,
      "CAS@0.10": 0.6916666666666667,
      "CAS@0.20": 0.3333333333333333,
      "mean_L2": 0.22179976544468671,
      "pose_L2": 0.1885038556607054,
      "xyz_L2": 0.18289006699986365,
      "rot_L2": 0.03200850091181499,
      "gripper_abs": 0.04523809523809524
    },
    "F2_geometric_symbol": {
      "n": 18200,
      "CAS@0.01": 0.9998901098901098,
      "CAS@0.05": 0.8854395604395604,
      "CAS@0.10": 0.5689010989010989,
      "CAS@0.20": 0.2234065934065934,
      "mean_L2": 0.175339622561362,
      "pose_L2": 0.14920519263522647,
      "xyz_L2": 0.1442440928480112,
      "rot_L2": 0.02702608978046982,
      "gripper_abs": 0.03439560439560439
    },
    "F3_machine_marker": {
      "n": 4200,
      "CAS@0.01": 1.0,
      "CAS@0.05": 0.9185714285714286,
      "CAS@0.10": 0.65,
      "CAS@0.20": 0.2816666666666667,
      "mean_L2": 0.2048235236786131,
      "pose_L2": 0.17401541629456335,
      "xyz_L2": 0.16867554048221525,
      "rot_L2": 0.02991650158350072,
      "gripper_abs": 0.043095238095238096
    },
    "F4_visual_text_injection": {
      "n": 8400,
      "CAS@0.01": 1.0,
      "CAS@0.05": 0.9802380952380952,
      "CAS@0.10": 0.8839285714285714,
      "CAS@0.20": 0.6248809523809524,
      "mean_L2": 0.3842591456879009,
      "pose_L2": 0.2899329941883084,
      "xyz_L2": 0.28165379046172084,
      "rot_L2": 0.04366756315606477,
      "gripper_abs": 0.13547619047619047
    }
  },
  "by_form": {
    "arrow_down": {
      "n": 1400,
      "CAS@0.01": 1.0,
      "CAS@0.05": 0.8785714285714286,
      "CAS@0.10": 0.5385714285714286,
      "CAS@0.20": 0.20214285714285715,
      "mean_L2": 0.16983287137771855,
      "pose_L2": 0.1407188383644125,
      "xyz_L2": 0.13598210741955358,
      "rot_L2": 0.02572151179284847,
      "gripper_abs": 0.039285714285714285
    },
    "arrow_left": {
      "n": 1400,
      "CAS@0.01": 0.9992857142857143,
      "CAS@0.05": 0.8585714285714285,
      "CAS@0.10": 0.5321428571428571,
      "CAS@0.20": 0.17857142857142858,
      "mean_L2": 0.16053094171728102,
      "pose_L2": 0.13569393323639056,
      "xyz_L2": 0.13107710924033572,
      "rot_L2": 0.024741231984064273,
      "gripper_abs": 0.03142857142857143
    },
    "arrow_right": {
      "n": 1400,
      "CAS@0.01": 1.0,
      "CAS@0.05": 0.8571428571428571,
      "CAS@0.10": 0.5171428571428571,
      "CAS@0.20": 0.19214285714285714,
      "mean_L2": 0.16356715934371777,
      "pose_L2": 0.13725612935071227,
      "xyz_L2": 0.13269523453076235,
      "rot_L2": 0.024888801235225806,
      "gripper_abs": 0.03357142857142857
    },
    "arrow_target": {
      "n": 1400,
      "CAS@0.01": 1.0,
      "CAS@0.05": 0.88,
      "CAS@0.10": 0.5407142857142857,
      "CAS@0.20": 0.1992857142857143,
      "mean_L2": 0.1659808456210952,
      "pose_L2": 0.14059286188531137,
      "xyz_L2": 0.13583883431593438,
      "rot_L2": 0.026126616854247078,
      "gripper_abs": 0.03357142857142857
    },
    "arrow_up": {
      "n": 1400,
      "CAS@0.01": 1.0,
      "CAS@0.05": 0.87,
      "CAS@0.10": 0.5464285714285714,
      "CAS@0.20": 0.20785714285714285,
      "mean_L2": 0.16782389053146568,
      "pose_L2": 0.1404902231157709,
      "xyz_L2": 0.13542982725339653,
      "rot_L2": 0.02665819425570163,
      "gripper_abs": 0.03642857142857143
    },
    "barcode": {
      "n": 1400,
      "CAS@0.01": 1.0,
      "CAS@0.05": 0.9135714285714286,
      "CAS@0.10": 0.6328571428571429,
      "CAS@0.20": 0.25857142857142856,
      "mean_L2": 0.2012760593725926,
      "pose_L2": 0.1681035486578248,
      "xyz_L2": 0.16268470343759533,
      "rot_L2": 0.029838151297224884,
      "gripper_abs": 0.047142857142857146
    },
    "fiducial_marker": {
      "n": 1400,
      "CAS@0.01": 1.0,
      "CAS@0.05": 0.9207142857142857,
      "CAS@0.10": 0.6585714285714286,
      "CAS@0.20": 0.29642857142857143,
      "mean_L2": 0.20797776786470853,
      "pose_L2": 0.17909871780498057,
      "xyz_L2": 0.17373133056005452,
      "rot_L2": 0.030628896710770393,
      "gripper_abs": 0.04
    },
    "long_arrow_down": {
      "n": 1400,
      "CAS@0.01": 1.0,
      "CAS@0.05": 0.8864285714285715,
      "CAS@0.10": 0.5478571428571428,
      "CAS@0.20": 0.195,
      "mean_L2": 0.16803091544298607,
      "pose_L2": 0.14065115501858605,
      "xyz_L2": 0.1355633905938298,
      "rot_L2": 0.02659138029161681,
      "gripper_abs": 0.035
    },
    "long_arrow_left": {
      "n": 1400,
      "CAS@0.01": 1.0,
      "CAS@0.05": 0.8578571428571429,
      "CAS@0.10": 0.5142857142857142,
      "CAS@0.20": 0.17357142857142857,
      "mean_L2": 0.1581305800636337,
      "pose_L2": 0.13373443529072898,
      "xyz_L2": 0.1292243148782039,
      "rot_L2": 0.02458283101345879,
      "gripper_abs": 0.03142857142857143
    },
    "long_arrow_right": {
      "n": 1400,
      "CAS@0.01": 0.9992857142857143,
      "CAS@0.05": 0.8414285714285714,
      "CAS@0.10": 0.49714285714285716,
      "CAS@0.20": 0.165,
      "mean_L2": 0.15104722528248643,
      "pose_L2": 0.12868491243323013,
      "xyz_L2": 0.12423333586835038,
      "rot_L2": 0.024057920139756064,
      "gripper_abs": 0.02857142857142857
    },
    "long_arrow_up": {
      "n": 1400,
      "CAS@0.01": 1.0,
      "CAS@0.05": 0.9042857142857142,
      "CAS@0.10": 0.5721428571428572,
      "CAS@0.20": 0.21642857142857144,
      "mean_L2": 0.17236747633235414,
      "pose_L2": 0.1454602743570683,
      "xyz_L2": 0.14048717263402388,
      "rot_L2": 0.02691735481958039,
      "gripper_abs": 0.03571428571428571
    },
    "no_entry": {
      "n": 1400,
      "CAS@0.01": 1.0,
      "CAS@0.05": 0.9242857142857143,
      "CAS@0.10": 0.675,
      "CAS@0.20": 0.31285714285714283,
      "mean_L2": 0.20841075971271344,
      "pose_L2": 0.17988776829124922,
      "xyz_L2": 0.17429304369979218,
      "rot_L2": 0.030981026907500986,
      "gripper_abs": 0.03857142857142857
    },
    "qr_like": {
      "n": 1400,
      "CAS@0.01": 1.0,
      "CAS@0.05": 0.9214285714285714,
      "CAS@0.10": 0.6585714285714286,
      "CAS@0.20": 0.29,
      "mean_L2": 0.20521674379853713,
      "pose_L2": 0.17484398242088314,
      "xyz_L2": 0.16961058744899815,
      "rot_L2": 0.02928245674250673,
      "gripper_abs": 0.04214285714285714
    },
    "solid_patch": {
      "n": 1400,
      "CAS@0.01": 1.0,
      "CAS@0.05": 0.9007142857142857,
      "CAS@0.10": 0.6542857142857142,
      "CAS@0.20": 0.30857142857142855,
      "mean_L2": 0.2087228635084315,
      "pose_L2": 0.17388068038328805,
      "xyz_L2": 0.1688419970471899,
      "rot_L2": 0.029496068602156502,
      "gripper_abs": 0.045714285714285714
    },
    "target_bullseye": {
      "n": 1400,
      "CAS@0.01": 1.0,
      "CAS@0.05": 0.9285714285714286,
      "CAS@0.10": 0.655,
      "CAS@0.20": 0.31285714285714283,
      "mean_L2": 0.2074895803596499,
      "pose_L2": 0.18078956587632444,